iteration,function,pop_size,elite_best,elite_worst,best_fit,list_fitness,list_diversity,list_exploitation,list_exploration
0,F112014,100,0.25,0.2,318.6788610126623,"[2082.26251144 2082.26251144 2082.26251144 2082.26251144 2082.26251144
 2082.26251144 2082.26251144 2082.26251144 2082.26251144 2082.26251144
 2082.26251144  779.42736911  779.42736911  779.42736911  779.42736911
  779.42736911  779.42736911  779.42736911  779.42736911  779.42736911
  779.42736911  779.42736911  779.42736911  779.42736911  779.42736911
  779.42736911  779.42736911  779.42736911  779.42736911  779.42736911
  779.42736911  779.42736911  779.42736911  779.42736911  779.42736911
  779.42736911  779.42736911  779.42736911  779.42736911  779.42736911
  779.42736911  779.42736911  779.42736911  779.42736911  779.42736911
  779.42736911  779.42736911  779.42736911  779.42736911  779.42736911
  779.42736911  779.42736911  779.42736911  779.42736911  779.42736911
  423.83411771  423.83411771  423.83411771  423.83411771  423.83411771
  423.83411771  423.83411771  423.83411771  423.83411771  423.83411771
  423.83411771  423.83411771  423.83411771  423.83411771  423.83411771
  423.83411771  423.83411771  423.83411771  423.83411771  423.83411771
  423.83411771  423.83411771  423.83411771  318.67886101  318.67886101
  318.67886101  318.67886101  318.67886101  318.67886101  318.67886101
  318.67886101  318.67886101  318.67886101  318.67886101  318.67886101
  318.67886101  318.67886101  318.67886101  318.67886101  318.67886101
  318.67886101  318.67886101  318.67886101  318.67886101  318.67886101]","[48.21567631 50.1757239  50.09883391 46.97467715 47.33735205 45.64282808
 48.28820768 50.52070052 51.26325358 50.40026092 49.69263084 49.07498557
 50.18208766 48.34160977 46.99358229 47.13045552 46.66976796 48.16398556
 50.40760279 49.31578543 50.54247054 49.56667638 47.87494655 46.12150605
 47.52392041 43.67431475 44.77135074 43.20001062 43.58396059 41.1776633
 43.36735231 40.78732264 45.31232603 46.72824668 46.4511339  47.6237057
 47.39099196 49.14465822 48.42894396 47.52273616 46.69899411 47.40725932
 47.17360578 48.87725302 49.9800771  49.05821976 47.78673035 48.97885037
 45.12993118 44.01798639 44.35810782 44.3830715  44.18393606 44.79579618
 42.78171628 43.81900648 44.87775427 45.99546237 45.78359291 44.31762944
 41.8830323  44.30314892 43.42161839 44.34278858 44.70339666 47.84133285
 46.8122373  42.02609071 43.84611638 47.47627272 49.57420845 45.57961759
 47.816344   45.77319233 45.17384347 42.35863241 40.21775514 39.16518965
 40.62345947 39.47255556 37.15463223 33.27285182 32.89623546 27.70133274
 19.19515401 17.02851396 18.93171024 20.32912451 17.40971016 16.7796867
 15.52672178 15.82189151 16.41886416 16.72391345 18.0185668  16.27689869
 14.93762427 17.71306872 15.71754427 17.69455154]","[ 5.94495483  2.12146052  2.27145097  8.36579058  7.65831518 10.9638486
  5.8034668   1.44850943  0.          1.68345278  3.06383741  4.26868733
  2.10904663  5.69929455  8.32891202  8.06191136  8.96058151  6.04578877
  1.66913088  3.79895542  1.40604233  3.30953868  6.60962151 10.03008427
  7.29437347 14.80385715 12.66385255 15.72908936 14.98011237 19.6741127
 15.4026534  20.4355561  11.6085639   8.8465062   9.38707426  7.09972082
  7.55367902  4.13277585  5.52893043  7.29668362  8.90356962  7.52194602
  7.97773749  4.65440721  2.50311167  4.30139266  6.78170617  4.45621973
 11.96436429 14.13345171 13.46997173 13.42127471 13.80973119 12.61616646
 16.54506242 14.52160482 12.45628957 10.27595957 10.68925652 13.54893352
 18.29813879 13.57718087 15.29679575 13.4998552  12.7964116   6.67519226
  8.68266443 18.01907259 14.46872112  7.38732055  3.29484575 11.08715424
  6.72393838 10.70954508 11.87870391 17.3703785  21.54661998 23.59987533
 20.75520644 23.00029201 27.52189994 35.09414737 35.82881857 45.96259346
 62.55572429 66.78222164 63.06962802 60.34367097 66.03861648 67.2676127
 69.71179023 69.1359982  67.97147466 67.37641042 64.85091067 68.24840885
 70.86095162 65.44685036 69.33954992 65.48297211]","[ 94.05504517  97.87853948  97.72854903  91.63420942  92.34168482
  89.0361514   94.1965332   98.55149057 100.          98.31654722
  96.93616259  95.73131267  97.89095337  94.30070545  91.67108798
  91.93808864  91.03941849  93.95421123  98.33086912  96.20104458
  98.59395767  96.69046132  93.39037849  89.96991573  92.70562653
  85.19614285  87.33614745  84.27091064  85.01988763  80.3258873
  84.5973466   79.5644439   88.3914361   91.1534938   90.61292574
  92.90027918  92.44632098  95.86722415  94.47106957  92.70331638
  91.09643038  92.47805398  92.02226251  95.34559279  97.49688833
  95.69860734  93.21829383  95.54378027  88.03563571  85.86654829
  86.53002827  86.57872529  86.19026881  87.38383354  83.45493758
  85.47839518  87.54371043  89.72404043  89.31074348  86.45106648
  81.70186121  86.42281913  84.70320425  86.5001448   87.2035884
  93.32480774  91.31733557  81.98092741  85.53127888  92.61267945
  96.70515425  88.91284576  93.27606162  89.29045492  88.12129609
  82.6296215   78.45338002  76.40012467  79.24479356  76.99970799
  72.47810006  64.90585263  64.17118143  54.03740654  37.44427571
  33.21777836  36.93037198  39.65632903  33.96138352  32.7323873
  30.28820977  30.8640018   32.02852534  32.62358958  35.14908933
  31.75159115  29.13904838  34.55314964  30.66045008  34.51702789]"
1,F112014,100,0.25,0.2,-425.11870429960527,"[2128.97389445 1330.91323394 1330.91323394 1330.91323394 1330.91323394
 1330.91323394 1330.91323394 1330.91323394 1330.91323394 1330.91323394
 1330.91323394 1330.91323394 1330.91323394 1330.91323394 1330.91323394
 1330.91323394 1330.91323394 1330.91323394 1330.91323394 1330.91323394
 1330.91323394 1330.91323394 1330.91323394 1330.91323394 1330.91323394
 1004.16069494 1004.16069494 1004.16069494 1004.16069494 1004.16069494
 1004.16069494  946.41688457  946.41688457  946.41688457   37.80756353
   37.80756353   37.80756353   37.80756353   37.80756353   37.80756353
   37.80756353   37.80756353   37.80756353   37.80756353   37.80756353
   37.80756353   37.80756353   37.80756353   37.80756353   37.80756353
   37.80756353   37.80756353   37.80756353   37.80756353   37.80756353
   37.80756353   37.80756353   37.80756353   37.80756353   37.80756353
   37.80756353   37.80756353   37.80756353   37.80756353   37.80756353
   37.80756353   37.80756353   37.80756353   37.80756353   37.80756353
   37.80756353   37.80756353   37.80756353   37.80756353   37.80756353
   37.80756353   37.80756353   37.80756353   37.80756353   37.80756353
  -34.98043258  -34.98043258  -34.98043258  -34.98043258  -34.98043258
 -425.1187043  -425.1187043  -425.1187043  -425.1187043  -425.1187043
 -425.1187043  -425.1187043  -425.1187043  -425.1187043  -425.1187043
 -425.1187043  -425.1187043  -425.1187043  -425.1187043  -425.1187043 ]","[51.2966839  48.85691267 50.60745462 48.98739261 49.36674918 45.4462363
 43.15496187 43.49732083 47.86612479 44.36450235 44.83342931 44.38174557
 45.42313278 42.74733511 40.69840749 45.22454919 42.71863828 42.79329016
 41.43965616 43.58780116 42.3386887  40.85660487 42.46393777 41.89224576
 38.98715983 39.35720049 42.28620416 42.56471105 41.06190347 41.20399399
 41.67871923 43.70591166 43.07224539 43.06799067 39.89042486 44.35624211
 42.80613273 41.91799686 39.66052782 40.43346062 40.09876099 35.95149244
 33.68790352 36.7819838  37.80110623 37.80124351 35.6033605  34.36017897
 34.12811342 31.70709386 33.08952895 32.59391994 32.32408919 35.2047676
 33.71628081 31.03858214 34.32016245 32.68698147 32.54148708 32.14297721
 34.27477266 34.44688769 34.39595796 31.03901262 30.36730771 31.25887177
 31.84878692 29.21782504 29.89712134 31.19818527 30.15036998 29.24625186
 27.61262377 27.09490925 27.51375152 27.17954408 25.87013318 28.17336844
 26.58647486 24.25873631 29.65820812 27.42357178 25.80021843 24.85044704
 24.3640325  24.99486026 27.18953012 25.61688725 26.81955661 23.97462754
 23.21582498 26.79939613 23.66235691 24.02469238 23.79513527 23.58771902
 22.90557393 24.89380654 23.78123094 19.96836625]","[ 0.          4.75619677  1.3436137   4.50183348  3.76229919 11.40511852
 15.87182914 15.2044196   6.68768202 13.51389801 12.59975128 13.48028332
 11.45015753 16.66647459 20.66074373 11.83728507 16.72241745 16.5768878
 19.21572115 15.0280333  17.46310778 20.35234685 17.21894177 18.33342318
 23.9967248  23.27535136 17.56542344 17.02248992 19.95212877 19.6751313
 18.74968113 14.79778353 16.03308028 16.04137461 22.23586042 13.53000089
 16.55185194 18.28322287 22.68403177 21.17724276 21.82972087 29.91458762
 34.32732691 28.29559144 26.30886958 26.30860197 30.59325127 33.01676373
 33.46916247 38.18880394 35.49382449 36.45998638 36.98600625 31.3702857
 34.27200697 39.49202992 33.09477368 36.27856815 36.56220127 37.33907385
 33.18325854 32.84772997 32.9470146  39.49119073 40.80064166 39.06258768
 37.91258129 43.04149348 41.71724355 39.18089261 41.22354957 42.98607699
 46.17074306 47.17999842 46.36348897 47.01500757 49.56763048 45.07760288
 48.17116266 52.70895804 42.18299144 46.53928929 49.70392534 51.55545124
 52.50368903 51.27392579 46.99554035 50.06131916 47.71678289 53.2628121
 54.74205501 47.75608461 53.87156612 53.16521351 53.61272217 54.0170685
 55.34687199 51.47092433 53.63982789 61.07279314]","[100.          95.24380323  98.6563863   95.49816652  96.23770081
  88.59488148  84.12817086  84.7955804   93.31231798  86.48610199
  87.40024872  86.51971668  88.54984247  83.33352541  79.33925627
  88.16271493  83.27758255  83.4231122   80.78427885  84.9719667
  82.53689222  79.64765315  82.78105823  81.66657682  76.0032752
  76.72464864  82.43457656  82.97751008  80.04787123  80.3248687
  81.25031887  85.20221647  83.96691972  83.95862539  77.76413958
  86.46999911  83.44814806  81.71677713  77.31596823  78.82275724
  78.17027913  70.08541238  65.67267309  71.70440856  73.69113042
  73.69139803  69.40674873  66.98323627  66.53083753  61.81119606
  64.50617551  63.54001362  63.01399375  68.6297143   65.72799303
  60.50797008  66.90522632  63.72143185  63.43779873  62.66092615
  66.81674146  67.15227003  67.0529854   60.50880927  59.19935834
  60.93741232  62.08741871  56.95850652  58.28275645  60.81910739
  58.77645043  57.01392301  53.82925694  52.82000158  53.63651103
  52.98499243  50.43236952  54.92239712  51.82883734  47.29104196
  57.81700856  53.46071071  50.29607466  48.44454876  47.49631097
  48.72607421  53.00445965  49.93868084  52.28321711  46.7371879
  45.25794499  52.24391539  46.12843388  46.83478649  46.38727783
  45.9829315   44.65312801  48.52907567  46.36017211  38.92720686]"
2,F112014,100,0.25,0.2,47.7249461086185,"[2123.6232344  1748.54668553 1748.54668553 1748.54668553 1306.13648719
 1306.13648719 1306.13648719 1306.13648719 1306.13648719 1306.13648719
 1306.13648719 1306.13648719 1306.13648719 1306.13648719 1306.13648719
 1306.13648719 1306.13648719 1306.13648719 1306.13648719 1306.13648719
 1306.13648719 1306.13648719 1306.13648719 1306.13648719 1306.13648719
 1306.13648719 1306.13648719 1306.13648719 1143.66092869 1143.66092869
 1143.66092869 1143.66092869 1143.66092869 1143.66092869 1143.66092869
 1143.66092869 1143.66092869 1142.32667691 1142.32667691  897.47496478
  897.47496478  897.47496478  897.47496478  320.96225935  320.96225935
  320.96225935  320.96225935  320.96225935  320.96225935  320.96225935
  320.96225935  320.96225935  320.96225935  320.96225935  320.96225935
  320.96225935  320.96225935  320.96225935  320.96225935  275.03891216
  275.03891216  275.03891216  275.03891216  275.03891216  275.03891216
  275.03891216  275.03891216  271.01992491  271.01992491  271.01992491
  271.01992491  271.01992491  271.01992491  271.01992491  271.01992491
  271.01992491  271.01992491  271.01992491  271.01992491  271.01992491
  271.01992491  271.01992491  118.96754549   47.72494611   47.72494611
   47.72494611   47.72494611   47.72494611   47.72494611   47.72494611
   47.72494611   47.72494611   47.72494611   47.72494611   47.72494611
   47.72494611   47.72494611   47.72494611   47.72494611   47.72494611]","[46.98207177 43.91799642 47.4769934  47.04567601 47.16747671 45.12961455
 43.72584637 40.3303294  39.16981705 40.61829007 39.4661851  39.88137947
 41.74046239 44.42478368 45.04031433 46.40465162 48.92409694 46.77133254
 48.05833453 50.36077626 48.03106742 48.93989777 49.87685657 49.49898961
 51.60245987 51.24773523 49.00840299 51.28079453 51.04745571 52.5052797
 51.11707305 55.17753572 55.43955626 52.48862212 49.99451578 52.65901269
 50.97236749 47.91143122 47.93601642 46.02336738 44.83364246 45.54085382
 48.96817356 51.1178894  51.33883665 50.95939547 49.3128945  46.72373478
 44.51734303 46.71567467 45.52205992 45.29402228 45.47065402 47.67354481
 47.91830803 47.46337208 43.85385422 46.75076545 45.53307763 44.97110672
 47.7556099  48.06838632 46.15627669 49.77573735 48.94594931 48.7226657
 48.19752803 45.35669019 51.74052276 47.9535702  47.7614422  47.31581909
 43.72265412 40.33102657 42.36979917 41.72616376 44.87809853 45.63593657
 41.61983503 43.16918826 40.28069231 41.88844448 39.99991173 43.7068306
 33.17476298 28.51440958 29.63271001 27.684586   31.62834742 29.81213748
 31.18530104 31.19734729 23.63297032 17.38054918 15.97836828 14.89534508
 16.8233461  15.20275299 16.86051808 15.88232628]","[15.25532501 20.78220069 14.36260209 15.14059784 14.92089785 18.59672481
 21.12879447 27.25351334 29.34680634 26.73409961 28.81222767 28.06331406
 24.70996306 19.86807495 18.75780153 16.29685599 11.75236556 15.63544932
 13.31399858  9.16093191 13.36318207 11.72386456 10.03380992 10.71539358
  6.92122493  7.56106527 11.60029717  7.50143402  7.9223227   5.292749
  7.79674929  0.47262381  0.          5.32279539  9.82158021  5.01545064
  8.05776431 13.57897781 13.53463185 16.98460363 19.13058927 17.8549453
 11.67286165  7.7952768   7.3967396   8.08116279 11.05106565 15.72130456
 19.70111952 15.73584311 17.8888451  18.30017169 17.98156933 14.00806928
 13.56657366 14.38717176 20.89789822 15.67254755 17.86897172 18.88263588
 13.86004304 13.2958675  16.74486629 10.21620535 11.71294901 12.11570044
 13.06292604 18.18713343  6.67219176 13.50296894 13.84952295 14.65332287
 21.13455253 27.25225581 23.57478662 24.73575446 19.05040091 17.68343824
 24.92754662 22.13287557 27.34304706 24.44303796 27.84950959 21.16309447
 40.16048248 48.56667062 46.54951805 50.06347839 42.94985466 46.22587284
 43.74900678 43.72727816 57.37164597 68.64955214 71.17875871 73.1322794
 69.65461624 72.57778739 69.58756668 71.35199603]","[ 84.74467499  79.21779931  85.63739791  84.85940216  85.07910215
  81.40327519  78.87120553  72.74648666  70.65319366  73.26590039
  71.18777233  71.93668594  75.29003694  80.13192505  81.24219847
  83.70314401  88.24763444  84.36455068  86.68600142  90.83906809
  86.63681793  88.27613544  89.96619008  89.28460642  93.07877507
  92.43893473  88.39970283  92.49856598  92.0776773   94.707251
  92.20325071  99.52737619 100.          94.67720461  90.17841979
  94.98454936  91.94223569  86.42102219  86.46536815  83.01539637
  80.86941073  82.1450547   88.32713835  92.2047232   92.6032604
  91.91883721  88.94893435  84.27869544  80.29888048  84.26415689
  82.1111549   81.69982831  82.01843067  85.99193072  86.43342634
  85.61282824  79.10210178  84.32745245  82.13102828  81.11736412
  86.13995696  86.7041325   83.25513371  89.78379465  88.28705099
  87.88429956  86.93707396  81.81286657  93.32780824  86.49703106
  86.15047705  85.34667713  78.86544747  72.74774419  76.42521338
  75.26424554  80.94959909  82.31656176  75.07245338  77.86712443
  72.65695294  75.55696204  72.15049041  78.83690553  59.83951752
  51.43332938  53.45048195  49.93652161  57.05014534  53.77412716
  56.25099322  56.27272184  42.62835403  31.35044786  28.82124129
  26.8677206   30.34538376  27.42221261  30.41243332  28.64800397]"
3,F112014,100,0.25,0.2,429.1922244332636,"[1723.62922258 1723.62922258 1723.62922258 1723.62922258 1723.62922258
 1270.08052408 1270.08052408 1270.08052408 1270.08052408 1270.08052408
 1270.08052408 1270.08052408 1270.08052408 1270.08052408 1270.08052408
 1270.08052408 1270.08052408 1270.08052408 1270.08052408 1270.08052408
 1270.08052408 1270.08052408 1270.08052408 1270.08052408 1270.08052408
 1270.08052408  683.58536653  683.58536653  683.58536653  683.58536653
  683.58536653  683.58536653  683.58536653  646.65954556  646.65954556
  646.65954556  646.65954556  646.65954556  646.65954556  646.65954556
  646.65954556  646.65954556  646.65954556  646.65954556  646.65954556
  646.65954556  646.65954556  624.501166    624.501166    624.501166
  624.501166    624.501166    624.501166    624.501166    624.501166
  624.501166    624.501166    624.501166    624.501166    624.501166
  624.501166    624.501166    569.72824138  569.72824138  569.72824138
  569.72824138  569.72824138  569.72824138  569.72824138  569.72824138
  569.72824138  569.72824138  569.72824138  569.72824138  569.72824138
  569.72824138  569.72824138  569.72824138  569.72824138  569.72824138
  569.72824138  569.72824138  569.72824138  569.72824138  569.72824138
  569.72824138  569.72824138  569.72824138  569.72824138  569.72824138
  569.72824138  569.72824138  569.72824138  569.72824138  569.72824138
  569.72824138  569.72824138  429.19222443  429.19222443  429.19222443]","[49.1812781  49.1327786  46.85254552 42.88703379 45.32296758 46.09839634
 45.27877248 44.21995611 44.55988848 42.13316696 42.73072016 43.11303137
 42.38366125 40.67437659 39.25992174 37.04640735 36.32536302 35.70054903
 37.47761577 34.91653734 32.9289349  31.8062067  31.83708576 36.4287251
 34.55975154 36.26070994 36.88308557 38.63427208 43.61397722 42.38248186
 40.7617577  42.144078   39.82986536 37.76995314 40.18448472 39.73912639
 41.01074356 38.65965235 37.58022323 36.13295553 37.18219621 38.10275215
 36.68431577 34.75960243 32.82802503 29.99923878 29.87631907 30.46864976
 34.74853009 30.29254962 32.13717192 31.64964226 32.6091713  29.60620836
 29.31346404 29.4720264  25.80734728 28.72836091 26.53855493 24.27824211
 27.50092589 24.78031167 26.30387807 26.76849593 24.460921   23.07867563
 19.89184512 16.43665602 23.15922186 17.84922561 14.5001941  12.71279545
 13.5314302  15.15018766 10.46604623 11.06417711 10.44531738  9.61186126
 10.48403604  9.82645766 11.33849529  9.63286439 11.04365482 10.63864668
 10.61348998 11.59613899 10.69323536 10.63467734 10.70593908 12.08146809
 11.77530434 13.22971255 13.04551131 15.24812811 11.86656001 11.92893573
 14.13694269 15.46600891 12.54815311 11.91806689]","[ 0.          0.09861373  4.73499809 12.79804949  7.84507981  6.26840513
  7.93494144 10.08782646  9.39664401 14.33088242 13.11588106 12.33852994
 13.82155387 17.2970322  20.17303482 24.67376046 26.1398556  27.41028617
 23.79698695 29.00441247 33.04579267 35.32862926 35.26584303 25.9296901
 29.72986292 26.27131432 25.00584167 21.44516455 11.31995973 13.82395193
 17.11936071 14.30869706 19.01417186 23.20257911 18.29312643 19.19867086
 16.61309923 21.393559   23.5883558  26.53107661 24.39766178 22.52590086
 25.40999912 29.3235073  33.25097211 39.00272637 39.25265827 38.04827581
 29.34602061 38.40633917 34.65567964 35.6469708  33.6959661  39.80187278
 40.39710806 40.07470416 47.52607439 41.58679477 46.03931422 50.63519484
 44.08253108 49.6143398  46.5164813  45.57177656 50.26375494 53.07426622
 59.55402973 66.57944516 52.91049206 63.70727581 70.51684165 74.15114869
 72.48662352 69.19521362 78.7194505  77.50327455 78.76159834 80.45625972
 78.68287193 80.01992214 76.94550501 80.41355417 77.5450024  78.36850303
 78.419654   76.42163963 78.2575082  78.37657387 78.23167779 75.43482284
 76.05734377 73.10010422 73.47463951 68.99607189 75.87179417 75.74496598
 71.25543858 68.55305615 74.48591497 75.76706553]","[100.          99.90138627  95.26500191  87.20195051  92.15492019
  93.73159487  92.06505856  89.91217354  90.60335599  85.66911758
  86.88411894  87.66147006  86.17844613  82.7029678   79.82696518
  75.32623954  73.8601444   72.58971383  76.20301305  70.99558753
  66.95420733  64.67137074  64.73415697  74.0703099   70.27013708
  73.72868568  74.99415833  78.55483545  88.68004027  86.17604807
  82.88063929  85.69130294  80.98582814  76.79742089  81.70687357
  80.80132914  83.38690077  78.606441    76.4116442   73.46892339
  75.60233822  77.47409914  74.59000088  70.6764927   66.74902789
  60.99727363  60.74734173  61.95172419  70.65397939  61.59366083
  65.34432036  64.3530292   66.3040339   60.19812722  59.60289194
  59.92529584  52.47392561  58.41320523  53.96068578  49.36480516
  55.91746892  50.3856602   53.4835187   54.42822344  49.73624506
  46.92573378  40.44597027  33.42055484  47.08950794  36.29272419
  29.48315835  25.84885131  27.51337648  30.80478638  21.2805495
  22.49672545  21.23840166  19.54374028  21.31712807  19.98007786
  23.05449499  19.58644583  22.4549976   21.63149697  21.580346
  23.57836037  21.7424918   21.62342613  21.76832221  24.56517716
  23.94265623  26.89989578  26.52536049  31.00392811  24.12820583
  24.25503402  28.74456142  31.44694385  25.51408503  24.23293447]"
4,F112014,100,0.25,0.2,-74.06815879256192,"[1690.88140622 1690.88140622 1618.72560999  913.67104207  913.67104207
  913.67104207  913.67104207  913.67104207  913.67104207  913.67104207
  913.67104207  913.67104207  913.67104207  913.67104207  913.67104207
  913.67104207  913.67104207  913.67104207  913.67104207  294.38568537
  294.38568537  294.38568537  294.38568537  294.38568537  294.38568537
  294.38568537  294.38568537  294.38568537  294.38568537  294.38568537
  294.38568537  294.38568537  294.38568537  294.38568537  294.38568537
  294.38568537  294.38568537  294.38568537  294.38568537  294.38568537
  294.38568537  294.38568537  294.38568537  294.38568537  294.38568537
  294.38568537  294.38568537  294.38568537  294.38568537  294.38568537
  294.38568537  294.38568537  294.38568537  294.38568537  294.38568537
  294.38568537  294.38568537  294.38568537  294.38568537  -74.06815879
  -74.06815879  -74.06815879  -74.06815879  -74.06815879  -74.06815879
  -74.06815879  -74.06815879  -74.06815879  -74.06815879  -74.06815879
  -74.06815879  -74.06815879  -74.06815879  -74.06815879  -74.06815879
  -74.06815879  -74.06815879  -74.06815879  -74.06815879  -74.06815879
  -74.06815879  -74.06815879  -74.06815879  -74.06815879  -74.06815879
  -74.06815879  -74.06815879  -74.06815879  -74.06815879  -74.06815879
  -74.06815879  -74.06815879  -74.06815879  -74.06815879  -74.06815879
  -74.06815879  -74.06815879  -74.06815879  -74.06815879  -74.06815879]","[46.17997893 43.91964642 45.01689925 47.94851951 45.4565589  44.66391037
 43.94031366 45.25837397 43.68484657 44.30472187 43.88179118 44.99179916
 42.3176914  43.18232606 45.87246253 43.98762897 43.89490526 42.09406748
 42.66762927 38.84717546 39.45054903 38.89788799 38.9567247  37.44982748
 39.01756578 40.49615722 39.58502259 39.55096478 40.87180329 37.25225914
 37.80748512 39.36930544 41.37072182 40.49771501 41.1714578  41.6864791
 42.21754942 41.52071952 39.29419595 39.03255409 42.49943576 42.97089303
 39.11997101 36.05696107 36.6428179  36.64075639 37.55653707 40.7502834
 43.72504377 39.08738653 36.10701699 36.07863978 36.59120499 37.00504203
 36.96478982 34.32816015 34.40809535 36.32342834 37.90765486 39.15551358
 38.69236456 36.8121689  36.98907597 37.17179888 36.5696069  39.51838453
 38.54625008 39.18168952 38.14759432 35.01895158 35.17652418 36.60365025
 37.27707253 38.57278244 35.56372785 35.38773371 28.95472306 33.55754679
 29.9453079  30.0616138  30.89044497 30.99713213 28.90988545 25.11170418
 26.47108496 26.96203214 25.46390671 28.81802046 27.99713855 26.20024789
 23.26439653 26.39830161 22.42270594 23.10426928 22.77071349 22.25148757
 19.66609863 24.37167616 26.82402536 23.70332346]","[ 3.68841541  8.40249738  6.11409965  0.          5.19715862  6.85028272
  8.35939439  5.61048718  8.89218893  7.59939551  8.48144713  6.16644765
 11.74348691  9.9402307   4.32976243  8.26071501  8.45409681 12.20987029
 11.01366694 18.98149128 17.72311339 18.87572675 18.75301867 21.89575849
 18.62613032 15.54242419 17.44265936 17.51368932 14.75898797 22.30780113
 21.14983841 17.8925526  13.71845837 15.5391753  14.13403747 13.05992442
 11.95234004 13.40562766 18.0491987  18.59487116 11.3644463  10.38118911
 18.41255705 24.80067908 23.57883357 23.58313299 21.67320816 15.01242621
  8.80835485 18.48051425 24.69628393 24.7554666  23.6864759  22.82338974
 22.90733856 28.40621463 28.23950417 24.2449429  20.94092739 18.33843051
 19.30436027 23.22564018 22.85668807 22.47560664 23.73152023 17.5816377
 19.60909228 18.28383877 20.44051682 26.96552066 26.63689195 23.66052045
 22.25605106 19.55375718 25.82935154 26.19639966 39.6128945  30.01338284
 37.54696036 37.30439624 35.57581071 35.35330717 39.70640649 47.6277799
 44.79269594 43.76879116 46.89323681 39.89799737 41.61000417 45.35754565
 51.48046953 44.94449073 53.2358743  51.81442616 52.51008014 53.59296222
 58.98497215 49.17116023 44.05661399 50.56505664]","[ 96.31158459  91.59750262  93.88590035 100.          94.80284138
  93.14971728  91.64060561  94.38951282  91.10781107  92.40060449
  91.51855287  93.83355235  88.25651309  90.0597693   95.67023757
  91.73928499  91.54590319  87.79012971  88.98633306  81.01850872
  82.27688661  81.12427325  81.24698133  78.10424151  81.37386968
  84.45757581  82.55734064  82.48631068  85.24101203  77.69219887
  78.85016159  82.1074474   86.28154163  84.4608247   85.86596253
  86.94007558  88.04765996  86.59437234  81.9508013   81.40512884
  88.6355537   89.61881089  81.58744295  75.19932092  76.42116643
  76.41686701  78.32679184  84.98757379  91.19164515  81.51948575
  75.30371607  75.2445334   76.3135241   77.17661026  77.09266144
  71.59378537  71.76049583  75.7550571   79.05907261  81.66156949
  80.69563973  76.77435982  77.14331193  77.52439336  76.26847977
  82.4183623   80.39090772  81.71616123  79.55948318  73.03447934
  73.36310805  76.33947955  77.74394894  80.44624282  74.17064846
  73.80360034  60.3871055   69.98661716  62.45303964  62.69560376
  64.42418929  64.64669283  60.29359351  52.3722201   55.20730406
  56.23120884  53.10676319  60.10200263  58.38999583  54.64245435
  48.51953047  55.05550927  46.7641257   48.18557384  47.48991986
  46.40703778  41.01502785  50.82883977  55.94338601  49.43494336]"
5,F112014,100,0.25,0.2,302.99216822088965,"[1808.99667997 1808.99667997 1712.70835002 1712.70835002 1712.70835002
 1712.70835002 1712.70835002 1712.70835002 1712.70835002 1712.70835002
 1712.70835002 1712.70835002 1712.70835002 1712.70835002 1363.68739311
 1363.68739311 1297.6386132  1297.6386132  1297.6386132  1297.6386132
 1297.6386132  1297.6386132  1297.6386132  1297.6386132  1297.6386132
 1297.6386132  1297.6386132   972.81449314  972.81449314  972.81449314
  972.81449314  972.81449314  972.81449314  972.81449314  972.81449314
  972.81449314  972.81449314  972.81449314  972.81449314  972.81449314
  972.81449314  972.81449314  972.81449314  972.81449314  972.81449314
  972.81449314  972.81449314  972.81449314  972.81449314  866.06441487
  866.06441487  616.76542387  616.76542387  616.76542387  616.76542387
  616.76542387  616.76542387  616.76542387  616.76542387  616.76542387
  616.76542387  616.76542387  616.76542387  616.76542387  616.76542387
  616.76542387  616.76542387  616.76542387  616.76542387  616.76542387
  616.76542387  616.76542387  616.76542387  616.76542387  616.76542387
  616.76542387  616.76542387  616.76542387  616.76542387  616.76542387
  616.76542387  616.76542387  616.76542387  616.76542387  616.76542387
  616.76542387  616.76542387  616.76542387  616.76542387  616.76542387
  616.76542387  616.76542387  524.75703473  524.75703473  524.75703473
  524.75703473  524.75703473  302.99216822  302.99216822  302.99216822]","[47.05758969 46.02447881 46.72775103 45.77196369 45.40410064 42.73259134
 42.44833929 43.7823402  41.79734752 41.41021388 41.16483143 38.8675086
 39.81228035 37.82727877 39.97495021 41.29993033 39.95171982 40.0225795
 34.21148591 36.03990491 37.01617965 38.14171008 36.62000269 38.12665117
 38.772417   39.65067866 37.70517875 37.36825265 35.67425951 35.1771153
 35.06442611 33.7419271  33.57259748 31.5590033  32.40451792 33.79605116
 34.39368174 32.77886625 34.83426952 33.8777765  36.2910394  36.31263707
 36.30426599 35.60167469 33.10077871 34.09385944 33.57219165 33.49200648
 32.12918629 31.98160116 34.90770336 34.93934584 34.90284983 33.66198711
 33.89339316 33.35583651 32.4835066  30.08605088 30.17446506 30.45847041
 29.82369249 32.93353714 33.84051378 32.40306487 34.15995533 35.60874699
 36.72192125 38.04237302 36.73857702 36.19481894 35.00493896 32.79730616
 39.18382046 40.63874925 41.45084136 38.85346691 38.63983662 33.5248804
 36.37026875 37.39140096 40.97888323 45.4453764  45.43100991 39.97559037
 41.92845373 42.96839205 42.45519854 41.82723467 42.63660461 39.48627536
 41.19599929 40.73143613 42.26361512 44.54430795 43.05366808 43.89227509
 44.47572801 41.46696888 40.25679414 38.59569382]","[ 0.          2.19541816  0.70092553  2.73202687  3.51375635  9.19086245
  9.79491391  6.96008765 11.17830769 12.00098825 12.52243963 17.40437863
 15.39668602 19.61492499 15.05100351 12.23534693 15.10036939 14.94978861
 27.29868627 23.41319403 21.3385558  18.94674094 22.18045392 18.97874196
 17.60645357 15.74009862 19.87439432 20.59038106 24.19021086 25.24667003
 25.48614083 28.2965249  28.65635977 32.93535961 31.13859394 28.18150827
 26.91150998 30.34308286 25.97523641 28.00783735 22.87951924 22.83362299
 22.85141199 24.34445765 29.65900096 27.54864908 28.6572222  28.82762015
 31.72368898 32.03731561 25.8191854  25.75194337 25.82949943 28.46640184
 27.97465108 29.11698892 30.97073858 36.06546557 35.87758051 35.27405331
 36.62299176 30.01439861 28.08702272 31.14168175 27.40819163 24.32942863
 21.96387131 19.15783771 21.92847687 23.08399308 25.61255432 30.30389703
 16.73219831 13.64039357 11.91465257 17.43421802 17.88819427 28.75776123
 22.71115245 20.54118961 12.9175899   3.42604306  3.45657264 15.04964314
 10.89969969  8.68977281  9.78033762 11.11479582  9.39483961 16.0894648
 12.45620619 13.44342878 10.18746305  5.34086371  8.50855649  6.72646988
  5.48659991 11.8803807  14.45206945 17.9820002 ]","[100.          97.80458184  99.29907447  97.26797313  96.48624365
  90.80913755  90.20508609  93.03991235  88.82169231  87.99901175
  87.47756037  82.59562137  84.60331398  80.38507501  84.94899649
  87.76465307  84.89963061  85.05021139  72.70131373  76.58680597
  78.6614442   81.05325906  77.81954608  81.02125804  82.39354643
  84.25990138  80.12560568  79.40961894  75.80978914  74.75332997
  74.51385917  71.7034751   71.34364023  67.06464039  68.86140606
  71.81849173  73.08849002  69.65691714  74.02476359  71.99216265
  77.12048076  77.16637701  77.14858801  75.65554235  70.34099904
  72.45135092  71.3427778   71.17237985  68.27631102  67.96268439
  74.1808146   74.24805663  74.17050057  71.53359816  72.02534892
  70.88301108  69.02926142  63.93453443  64.12241949  64.72594669
  63.37700824  69.98560139  71.91297728  68.85831825  72.59180837
  75.67057137  78.03612869  80.84216229  78.07152313  76.91600692
  74.38744568  69.69610297  83.26780169  86.35960643  88.08534743
  82.56578198  82.11180573  71.24223877  77.28884755  79.45881039
  87.0824101   96.57395694  96.54342736  84.95035686  89.10030031
  91.31022719  90.21966238  88.88520418  90.60516039  83.9105352
  87.54379381  86.55657122  89.81253695  94.65913629  91.49144351
  93.27353012  94.51340009  88.1196193   85.54793055  82.0179998 ]"
6,F112014,100,0.25,0.2,360.52848153775994,"[1618.66023073 1618.66023073 1231.58569624 1231.58569624 1231.58569624
 1231.58569624 1231.58569624 1231.58569624 1231.58569624 1231.58569624
 1231.58569624 1231.58569624 1231.58569624 1103.78791059 1103.78791059
  881.54726759  881.54726759  881.54726759  881.54726759  652.12400864
  652.12400864  652.12400864  652.12400864  652.12400864  652.12400864
  652.12400864  652.12400864  652.12400864  652.12400864  652.12400864
  652.12400864  433.21861388  433.21861388  433.21861388  433.21861388
  433.21861388  433.21861388  433.21861388  433.21861388  433.21861388
  433.21861388  433.21861388  433.21861388  433.21861388  433.21861388
  433.21861388  433.21861388  433.21861388  433.21861388  433.21861388
  433.21861388  433.21861388  433.21861388  433.21861388  433.21861388
  433.21861388  433.21861388  433.21861388  433.21861388  433.21861388
  433.21861388  433.21861388  433.21861388  433.21861388  433.21861388
  433.21861388  433.21861388  433.21861388  433.21861388  433.21861388
  433.21861388  433.21861388  433.21861388  360.52848154  360.52848154
  360.52848154  360.52848154  360.52848154  360.52848154  360.52848154
  360.52848154  360.52848154  360.52848154  360.52848154  360.52848154
  360.52848154  360.52848154  360.52848154  360.52848154  360.52848154
  360.52848154  360.52848154  360.52848154  360.52848154  360.52848154
  360.52848154  360.52848154  360.52848154  360.52848154  360.52848154]","[44.5263677  45.13003962 44.07328708 39.58657561 44.03552314 40.60594132
 40.3921131  40.76928851 43.15407428 43.74304526 44.74665675 41.48137099
 36.50555609 35.13128902 34.39047908 36.98243388 37.21481178 34.71679834
 35.49455714 34.00722864 38.37038574 37.3271437  37.09745047 33.37511394
 35.45466435 34.31386649 32.757454   34.30325976 34.14909283 33.87122872
 33.01525792 33.96498742 38.79098469 36.07859673 37.97271277 39.63048659
 42.8483876  41.66690222 38.41121059 38.62427395 37.04165867 37.01122247
 35.69811804 37.91803794 35.45092308 32.49839892 34.25163683 37.21672261
 35.90680966 39.2013834  34.43531357 34.07155108 35.72673719 34.33912948
 36.85837302 36.13594283 34.95521967 32.24023323 35.39641151 34.10819408
 32.15171665 32.70436288 30.99153973 32.64744006 36.30489292 34.56465629
 34.28698816 34.03763374 34.08835555 34.23420774 33.98100993 33.73367922
 36.46815393 34.56739567 35.69086231 34.56681566 34.49797201 32.91994872
 33.30879527 33.49116424 32.9582226  35.54408946 35.96858349 30.24429428
 28.50750638 31.48768621 30.33792642 30.70125623 27.29798132 25.22334515
 24.07053355 22.22888597 21.98678331 17.66484834 18.60078986 19.00524388
 17.00013313 17.26912479 16.80022361 16.66880701]","[ 1.33762772  0.          2.34157237 12.28331296  2.42525043 10.02458305
 10.49838768  9.66263524  4.37838158  3.07332847  0.84950706  8.08478933
 19.1102946  22.15542172 23.79692246 18.05361974 17.53871236 23.07385804
 21.35048531 24.64613609 14.97816962 17.28980515 17.79876379 26.04678785
 21.43888052 23.96668211 27.41541049 23.99018469 24.33179071 24.94748729
 26.84416366 24.73973498 14.04619845 20.05635928 15.85934093 12.18601419
  5.05572793  7.67368571 14.88770913 14.41559928 17.92238832 17.98982943
 20.89943121 15.98049046 21.44717048 27.98942966 24.10457177 17.53447831
 20.43700833 13.1368292  23.69757734 24.50360921 20.83601633 23.91070389
 18.32851614 19.92929071 22.54555953 28.56147812 21.56795826 24.42241493
 28.75761483 27.53305081 31.32835692 27.65918147 19.55492787 23.41097731
 24.02623963 24.57876389 24.46637353 24.14319149 24.70423201 25.25227209
 19.19317102 23.40490733 20.91550858 23.40619253 23.55873759 27.0553516
 26.19373804 25.78964139 26.97054361 21.24073065 20.30012871 32.9841176
 36.83252524 30.22898612 32.77664572 31.97157261 39.51261388 44.10963215
 46.66405403 50.74481175 51.28126743 60.85789312 58.7840161  57.8878192
 62.33078173 61.73474489 62.77374505 63.06494044]","[ 98.66237228 100.          97.65842763  87.71668704  97.57474957
  89.97541695  89.50161232  90.33736476  95.62161842  96.92667153
  99.15049294  91.91521067  80.8897054   77.84457828  76.20307754
  81.94638026  82.46128764  76.92614196  78.64951469  75.35386391
  85.02183038  82.71019485  82.20123621  73.95321215  78.56111948
  76.03331789  72.58458951  76.00981531  75.66820929  75.05251271
  73.15583634  75.26026502  85.95380155  79.94364072  84.14065907
  87.81398581  94.94427207  92.32631429  85.11229087  85.58440072
  82.07761168  82.01017057  79.10056879  84.01950954  78.55282952
  72.01057034  75.89542823  82.46552169  79.56299167  86.8631708
  76.30242266  75.49639079  79.16398367  76.08929611  81.67148386
  80.07070929  77.45444047  71.43852188  78.43204174  75.57758507
  71.24238517  72.46694919  68.67164308  72.34081853  80.44507213
  76.58902269  75.97376037  75.42123611  75.53362647  75.85680851
  75.29576799  74.74772791  80.80682898  76.59509267  79.08449142
  76.59380747  76.44126241  72.9446484   73.80626196  74.21035861
  73.02945639  78.75926935  79.69987129  67.0158824   63.16747476
  69.77101388  67.22335428  68.02842739  60.48738612  55.89036785
  53.33594597  49.25518825  48.71873257  39.14210688  41.2159839
  42.1121808   37.66921827  38.26525511  37.22625495  36.93505956]"
7,F112014,100,0.25,0.2,77.16685901142682,"[2102.92579498 2084.67810859 2084.67810859 2084.67810859 2084.67810859
 2084.67810859 1763.50188304 1747.2289596  1747.2289596  1747.2289596
 1747.2289596  1747.2289596  1747.2289596  1747.2289596  1747.2289596
 1747.2289596  1016.16100895 1016.16100895 1016.16100895 1016.16100895
 1016.16100895 1016.16100895  171.38181265  171.38181265  171.38181265
  171.38181265  171.38181265  171.38181265  171.38181265  171.38181265
  171.38181265  171.38181265  171.38181265  171.38181265  171.38181265
  171.38181265  171.38181265  171.38181265  171.38181265  171.38181265
  171.38181265  171.38181265  171.38181265  171.38181265  171.38181265
  171.38181265  171.38181265  171.38181265  171.38181265  171.38181265
  171.38181265  171.38181265  171.38181265  171.38181265  171.38181265
  171.38181265  171.38181265  171.38181265  171.38181265  171.38181265
  171.38181265  171.38181265  171.38181265  171.38181265  171.38181265
  171.38181265  171.38181265   77.16685901   77.16685901   77.16685901
   77.16685901   77.16685901   77.16685901   77.16685901   77.16685901
   77.16685901   77.16685901   77.16685901   77.16685901   77.16685901
   77.16685901   77.16685901   77.16685901   77.16685901   77.16685901
   77.16685901   77.16685901   77.16685901   77.16685901   77.16685901
   77.16685901   77.16685901   77.16685901   77.16685901   77.16685901
   77.16685901   77.16685901   77.16685901   77.16685901   77.16685901]","[50.83174998 47.45554604 49.77942255 45.06001843 46.29616179 46.14415726
 45.62828854 42.88099504 44.22692598 41.69338275 39.28214717 40.26604261
 39.2110141  38.70461917 39.28255961 39.17063214 36.52643366 36.72899678
 38.13528019 36.51883025 30.98326159 33.69787995 34.01167521 38.14511131
 34.80032241 36.00845146 36.01902795 35.20698352 33.46222427 34.75658737
 33.73721763 36.8332374  37.13784976 36.70545371 39.95432753 40.96747953
 42.8938927  40.5398128  42.54223884 43.62494135 42.61063144 41.42510494
 39.57763269 40.61776815 37.63319551 39.27861851 40.4302654  37.73424632
 40.82318127 41.9531299  43.81564791 40.75611441 38.34083389 39.52604103
 34.40603336 36.31095216 33.84329796 35.39453069 36.43551198 39.56580474
 38.85088413 35.83162445 32.92741719 35.05468435 32.79247141 34.40886128
 34.6162104  34.33047391 35.74867832 33.82725716 35.14150482 34.55314208
 36.49566137 38.80037118 38.11558597 38.41230701 36.12181748 36.41011322
 34.4048152  39.68995087 38.54761219 38.14233141 40.51005112 39.16929138
 39.62086528 40.17773588 39.06183889 35.30802664 33.94357676 32.66390445
 31.02536347 32.96287071 33.09684123 33.1297182  29.81373797 32.39308197
 32.67257229 29.72353818 27.3536556  23.13029879]","[ 0.          6.64191955  2.0702168  11.35457967  8.9227465   9.2217811
 10.23663643 15.64131658 12.99350112 17.97767582 22.72123784 20.78564554
 22.8611761  23.85739388 22.72042646 22.9406185  28.14248245 27.74398522
 24.97743987 28.15744044 39.04742292 33.70702374 33.08970235 24.95809936
 31.53821691 29.16149558 29.14068871 30.73820292 34.17062311 31.62425574
 33.62963572 27.53891532 26.93965921 27.79030089 21.39887463 19.40572665
 15.61594334 20.24706446 16.30774299 14.17777006 16.17319597 18.5054519
 22.13993673 20.09370488 25.96517821 22.72817968 20.46257424 25.76638353
 19.68960091 17.4666819  13.80259793 19.82153983 24.57305935 22.24143169
 32.31389166 28.56639369 33.4209466  30.36924618 28.32135034 22.16320557
 23.56965056 29.50936282 35.22273538 31.03781719 35.48821077 32.30832838
 31.90041576 32.46253784 29.67254062 33.45250327 30.86701749 32.02448844
 28.20301999 23.66902341 25.01618382 24.43245211 28.9384735  28.37131668
 32.31628812 21.91897607 24.1662697  24.96356819 20.30561384 22.94325613
 22.05488637 20.95936909 23.15464467 30.53942339 33.22367069 35.74113726
 38.96459697 35.15298859 34.88943182 34.82475378 41.34819679 36.27391938
 35.72408523 41.52564452 46.18785382 54.49635553]","[100.          93.35808045  97.9297832   88.64542033  91.0772535
  90.7782189   89.76336357  84.35868342  87.00649888  82.02232418
  77.27876216  79.21435446  77.1388239   76.14260612  77.27957354
  77.0593815   71.85751755  72.25601478  75.02256013  71.84255956
  60.95257708  66.29297626  66.91029765  75.04190064  68.46178309
  70.83850442  70.85931129  69.26179708  65.82937689  68.37574426
  66.37036428  72.46108468  73.06034079  72.20969911  78.60112537
  80.59427335  84.38405666  79.75293554  83.69225701  85.82222994
  83.82680403  81.4945481   77.86006327  79.90629512  74.03482179
  77.27182032  79.53742576  74.23361647  80.31039909  82.5333181
  86.19740207  80.17846017  75.42694065  77.75856831  67.68610834
  71.43360631  66.5790534   69.63075382  71.67864966  77.83679443
  76.43034944  70.49063718  64.77726462  68.96218281  64.51178923
  67.69167162  68.09958424  67.53746216  70.32745938  66.54749673
  69.13298251  67.97551156  71.79698001  76.33097659  74.98381618
  75.56754789  71.0615265   71.62868332  67.68371188  78.08102393
  75.8337303   75.03643181  79.69438616  77.05674387  77.94511363
  79.04063091  76.84535533  69.46057661  66.77632931  64.25886274
  61.03540303  64.84701141  65.11056818  65.17524622  58.65180321
  63.72608062  64.27591477  58.47435548  53.81214618  45.50364447]"
8,F112014,100,0.25,0.2,-165.1178494362166,"[1553.64526003 1553.64526003 1553.64526003 1454.28675211 1454.28675211
 1454.28675211 1454.28675211 1454.28675211 1454.28675211 1454.28675211
 1454.28675211  956.43341521  956.43341521  956.43341521  956.43341521
  956.43341521  956.43341521  956.43341521  956.43341521  956.43341521
  956.43341521  956.43341521  956.43341521  956.43341521  956.43341521
  956.43341521  956.43341521  956.43341521  956.43341521  956.43341521
  956.43341521  956.43341521  956.43341521  956.43341521  956.43341521
  956.43341521  956.43341521  956.43341521  956.43341521  956.43341521
  956.43341521  592.89370826  592.89370826  592.89370826  592.89370826
  592.89370826  592.89370826  592.89370826  592.89370826  592.89370826
  592.89370826  592.89370826  592.89370826  592.89370826  592.89370826
  592.89370826  592.89370826  592.89370826  592.89370826  592.89370826
  592.89370826  592.89370826  592.89370826 -165.11784944 -165.11784944
 -165.11784944 -165.11784944 -165.11784944 -165.11784944 -165.11784944
 -165.11784944 -165.11784944 -165.11784944 -165.11784944 -165.11784944
 -165.11784944 -165.11784944 -165.11784944 -165.11784944 -165.11784944
 -165.11784944 -165.11784944 -165.11784944 -165.11784944 -165.11784944
 -165.11784944 -165.11784944 -165.11784944 -165.11784944 -165.11784944
 -165.11784944 -165.11784944 -165.11784944 -165.11784944 -165.11784944
 -165.11784944 -165.11784944 -165.11784944 -165.11784944 -165.11784944]","[48.16257261 48.80293075 48.05165885 47.00230689 49.65904764 45.40192393
 45.98602705 42.53754709 45.71895374 45.36732222 45.26703797 44.27672757
 43.20405139 45.00326484 45.55292493 43.07044357 41.16005925 42.70396671
 42.28940111 40.82403595 43.67451393 41.64896628 42.26660751 41.95206965
 42.06023925 41.65895699 42.02534652 39.71841316 39.63705484 35.42238627
 37.00563307 33.45629468 34.12475165 32.93170194 35.36355559 34.75978472
 36.23309726 38.91330517 35.15588115 35.15606158 32.21755937 32.32219533
 33.61510201 30.83768736 29.10804602 28.67584837 30.21350282 31.78782654
 31.16881957 27.90071445 27.94878129 26.33139317 24.5035544  25.86700119
 24.44325414 24.39984151 24.66582776 26.98236355 24.53300772 23.87406795
 23.07422875 25.332046   22.10098447 22.40212329 24.90560964 24.66459646
 25.35858491 25.14992144 23.01866839 24.2310257  24.45856111 25.45722584
 28.25740536 31.84302635 28.20198707 29.87224616 35.48428779 36.58844348
 37.54674826 33.97025216 31.82630861 34.46212724 35.00126068 33.47795376
 35.59765008 33.64318953 33.2077972  33.86399788 33.16116905 33.23566927
 33.196787   30.50396558 33.3252888  33.86355043 30.41588836 29.00427216
 26.95201249 27.84089927 26.51929868 28.715109  ]","[ 3.01349926  1.72398975  3.23684981  5.34996315  0.          8.5727051
  7.39647811 14.34079163  7.9342921   8.64238366  8.84432924 10.83854872
 12.99863078  9.37549756  8.2686296  13.26768109 17.11468261 14.00566715
 14.84049106 17.79134339 12.05124543 16.130155   14.88639126 15.51978612
 15.30196158 16.11003639 15.37222618 20.01777109 20.18160491 28.66881675
 25.48058243 32.62799777 31.28190475 33.68438682 28.78728596 30.00311852
 27.0362623  21.63904259 29.20548656 29.20512324 35.12247837 34.91176963
 32.30820241 37.90117044 41.38420407 42.2545342  39.15811065 35.98784502
 37.234359   43.81544597 43.71865225 46.97563804 50.65641497 47.91079889
 50.7778435  50.8652649  50.32963995 45.66475832 50.59710388 51.92403181
 53.53469338 48.98805514 55.49454626 54.88813347 49.84678357 50.33211946
 48.9346129  49.35480515 53.64657703 51.20521465 50.74701938 48.73597652
 43.09716617 35.8766874  43.20876375 39.84531    28.5441637  26.32069035
 24.3909216  31.59302528 35.91035245 30.60252084 29.51685071 32.5843822
 28.31588246 32.25164168 33.12840503 31.80699289 33.22230163 33.07227816
 33.15057662 38.57319656 32.89180846 31.80789395 38.75056046 41.5931768
 45.72587721 43.9358977  46.59724675 42.17547383]","[ 96.98650074  98.27601025  96.76315019  94.65003685 100.
  91.4272949   92.60352189  85.65920837  92.0657079   91.35761634
  91.15567076  89.16145128  87.00136922  90.62450244  91.7313704
  86.73231891  82.88531739  85.99433285  85.15950894  82.20865661
  87.94875457  83.869845    85.11360874  84.48021388  84.69803842
  83.88996361  84.62777382  79.98222891  79.81839509  71.33118325
  74.51941757  67.37200223  68.71809525  66.31561318  71.21271404
  69.99688148  72.9637377   78.36095741  70.79451344  70.79487676
  64.87752163  65.08823037  67.69179759  62.09882956  58.61579593
  57.7454658   60.84188935  64.01215498  62.765641    56.18455403
  56.28134775  53.02436196  49.34358503  52.08920111  49.2221565
  49.1347351   49.67036005  54.33524168  49.40289612  48.07596819
  46.46530662  51.01194486  44.50545374  45.11186653  50.15321643
  49.66788054  51.0653871   50.64519485  46.35342297  48.79478535
  49.25298062  51.26402348  56.90283383  64.1233126   56.79123625
  60.15469     71.4558363   73.67930965  75.6090784   68.40697472
  64.08964755  69.39747916  70.48314929  67.4156178   71.68411754
  67.74835832  66.87159497  68.19300711  66.77769837  66.92772184
  66.84942338  61.42680344  67.10819154  68.19210605  61.24943954
  58.4068232   54.27412279  56.0641023   53.40275325  57.82452617]"
9,F112014,100,0.25,0.2,-25.85526488879077,"[2617.53508852 2044.1314799  1985.48799269 1536.5161779  1536.5161779
 1536.5161779  1536.5161779  1536.5161779  1470.40285236 1470.40285236
 1470.40285236 1470.40285236 1158.98296985 1158.98296985 1158.98296985
 1158.98296985 1158.98296985 1158.98296985 1158.98296985 1158.98296985
 1158.98296985 1158.98296985 1158.98296985 1158.98296985  690.21965676
  690.21965676  690.21965676  690.21965676  690.21965676  690.21965676
  690.21965676  690.21965676  690.21965676  690.21965676  690.21965676
  690.21965676  690.21965676  690.21965676  614.87222661  614.87222661
  614.87222661  614.87222661  614.87222661  614.87222661  614.87222661
  399.4970929   399.4970929   399.4970929    50.83176281   50.83176281
   50.83176281   50.83176281   50.83176281   50.83176281   50.83176281
   50.83176281   50.83176281   50.83176281   50.83176281   50.83176281
   50.83176281   50.83176281   50.83176281   50.83176281   50.83176281
   50.83176281   50.83176281   50.83176281   50.83176281   50.83176281
   50.83176281   50.83176281   50.83176281   50.83176281   50.83176281
   50.83176281   50.83176281   50.83176281   50.83176281   50.83176281
   50.83176281   50.83176281   50.83176281   50.83176281   50.83176281
   50.83176281   50.83176281   50.83176281   50.83176281   50.83176281
   50.83176281   50.83176281   50.83176281   28.70822625   28.70822625
   28.70822625   28.70822625  -25.85526489  -25.85526489  -25.85526489]","[49.14751172 51.4857894  52.5143392  51.85864837 47.61960187 50.01234786
 48.60521342 48.10544536 47.57168175 49.89155824 48.24255774 50.33424152
 48.37714124 45.11343121 46.9002838  44.53050545 44.97903367 44.91281354
 41.24845381 42.99408005 45.37703192 45.02344481 44.872747   42.32641036
 41.21103799 44.80181537 46.62188408 42.19882038 43.71164144 41.71609576
 40.77908355 42.75055042 45.14401991 42.3401009  42.32121911 43.64823965
 43.50048537 46.33704865 44.91487237 46.24544915 46.72650832 46.11085154
 50.57627589 47.60079077 48.63189112 45.41838353 44.34607307 42.52223934
 46.92793163 42.75621504 41.45082198 42.00570777 37.41934957 36.87816332
 37.56966471 37.07952662 33.13349174 34.2183737  35.0053079  32.72063911
 32.3945916  31.78936356 28.89765758 33.34030448 32.6638455  34.51133881
 31.14936573 33.66681335 32.82910497 31.46172729 26.27078385 34.65590199
 27.85649167 28.18761538 28.73963553 27.47660618 25.3149625  23.11440912
 23.98122006 18.6474039  20.37175629 19.54941061 20.85904176 17.52724676
 16.01781914 17.33488592 19.05627642 15.12256631 15.85723236 17.73062652
 15.17422578 13.81641044 11.50253989 14.10967451 12.73176478  9.54377718
 14.7995515  10.59250446  8.73967287  8.82975406]","[ 6.41125365  1.95860753  0.          1.24859389  9.32076344  4.76439651
  7.44392073  8.39559997  9.41201494  4.99440915  8.13450484  4.15143314
  7.87822531 14.09311838 10.69051898 15.20314998 14.3490438  14.47514293
 21.45296992 18.12887547 13.59115889 14.26447425 14.55143932 19.40027999
 21.52421868 14.68651029 11.22065937 19.64324216 16.76246507 20.56246658
 22.3467644  18.59261477 14.03487011 19.3742099  19.41016539 16.88319741
 17.16455727 11.7630549  14.47122243 11.9374825  11.02142952 12.19378889
  3.69054117  9.35658433  7.39311994 13.51241543 15.55435384 19.02737427
 10.63787083 18.58182796 21.06761198 20.01097527 28.74451028 29.77505976
 28.45827391 29.39161535 36.90581993 34.83994234 33.34142934 37.69199117
 38.31286446 39.465365   44.97187241 36.51199846 37.80013994 34.28206595
 40.68407562 35.89024663 37.48544594 40.08926367 49.97407518 34.00678269
 46.95450406 46.32396446 45.2727846  47.67789788 51.79419014 55.98457589
 54.33395826 64.49083396 61.20725006 62.77319508 60.2793407  66.62388401
 69.49819918 66.99018556 63.71224182 71.20297706 69.80399524 66.23659978
 71.10460494 73.69021366 78.0963827  73.13176797 75.75564128 81.82634053
 71.81807536 79.82931021 83.35754956 83.1860132 ]","[ 93.58874635  98.04139247 100.          98.75140611  90.67923656
  95.23560349  92.55607927  91.60440003  90.58798506  95.00559085
  91.86549516  95.84856686  92.12177469  85.90688162  89.30948102
  84.79685002  85.6509562   85.52485707  78.54703008  81.87112453
  86.40884111  85.73552575  85.44856068  80.59972001  78.47578132
  85.31348971  88.77934063  80.35675784  83.23753493  79.43753342
  77.6532356   81.40738523  85.96512989  80.6257901   80.58983461
  83.11680259  82.83544273  88.2369451   85.52877757  88.0625175
  88.97857048  87.80621111  96.30945883  90.64341567  92.60688006
  86.48758457  84.44564616  80.97262573  89.36212917  81.41817204
  78.93238802  79.98902473  71.25548972  70.22494024  71.54172609
  70.60838465  63.09418007  65.16005766  66.65857066  62.30800883
  61.68713554  60.534635    55.02812759  63.48800154  62.19986006
  65.71793405  59.31592438  64.10975337  62.51455406  59.91073633
  50.02592482  65.99321731  53.04549594  53.67603554  54.7272154
  52.32210212  48.20580986  44.01542411  45.66604174  35.50916604
  38.79274994  37.22680492  39.7206593   33.37611599  30.50180082
  33.00981444  36.28775818  28.79702294  30.19600476  33.76340022
  28.89539506  26.30978634  21.9036173   26.86823203  24.24435872
  18.17365947  28.18192464  20.17068979  16.64245044  16.8139868 ]"
